paymentID,cardHolderName,cardNum,cvv,expirationDate
54809,Viviana Ward,1211-1221-1234-2201,218,2015-11-11
43945,Jude Kunze,1234-2121-1221-1211,938,2012-11-12
58432,Orval Gibson,1211-1221-1234-2201,157,2012-11-12
31554,Tomasa Auer,1212-1221-1121-1234,728,2013-9-12
81380,Ericka Beahan,1228-1221-1221-1431,700,2015-11-11
75213,Meagan King,1211-1221-1234-2201,907,2013-9-12
19055,Janae Prosacco,1228-1221-1221-1431,935,2011-10-12
94059,Karl Welch,1228-1221-1221-1431,903,2012-11-12
12513,Mathew Beahan,1234-2121-1221-1211,555,2013-9-12
26360,Bradford Lehner,1212-1221-1121-1234,551,2013-9-12
51387,Darius Harris,1211-1221-1234-2201,585,2013-9-12
53142,Buck Abshire,1234-2121-1221-1211,677,2013-9-12
86110,Michale Murphy,1228-1221-1221-1431,798,2011-10-12
23860,Gregg Gusikowski,1212-1221-1121-1234,186,2012-11-12
78757,Shemeka Beatty,1211-1221-1234-2201,321,2012-11-12
83342,Kia Mohr,1211-1221-1234-2201,146,2013-9-12
27612,Maya Jacobs,1212-1221-1121-1234,842,2013-9-12
16673,Jewell Metz,1212-1221-1121-1234,391,2015-11-11
97904,Malena Brown,1234-2121-1221-1211,323,2015-11-11
15525,Branden Mills,1228-1221-1221-1431,307,2015-11-11
53890,Douglas McGlynn,1228-1221-1221-1431,114,2011-10-12
35903,Sydney Osinski,1211-1221-1234-2201,494,2012-11-12
41787,Harry Kilback,1234-2121-1221-1211,925,2012-11-12
87571,Homer Huel,1212-1221-1121-1234,453,2012-11-12
16293,Clay Bogisich,1212-1221-1121-1234,322,2015-11-11
27768,Christy Jacobi,1228-1221-1221-1431,276,2012-11-12
20753,September Quigley,1228-1221-1221-1431,727,2012-11-12
60763,Andy Harris,1211-1221-1234-2201,220,2015-11-11
62258,Michael Adams,1211-1221-1234-2201,167,2012-11-12
75714,Jolyn Kunze,1228-1221-1221-1431,925,2012-11-12
49242,Harold Weimann,1211-1221-1234-2201,960,2013-9-12
26177,Gale Mosciski,1228-1221-1221-1431,107,2011-10-12
34987,Dale Flatley,1212-1221-1121-1234,455,2011-10-12
44621,Tien Rath,1234-2121-1221-1211,780,2011-10-12
32599,Garry Rowe,1228-1221-1221-1431,368,2012-11-12
51569,Cheri Waelchi,1234-2121-1221-1211,680,2011-10-12
57421,Logan Harvey,1211-1221-1234-2201,251,2011-10-12
48817,Roseann Shields,1212-1221-1121-1234,882,2013-9-12
33349,Jason Schumm,1228-1221-1221-1431,301,2011-10-12
28851,Gerald Casper,1212-1221-1121-1234,165,2011-10-12
93880,Charlesetta Sanford,1211-1221-1234-2201,603,2011-10-12
96812,Chelsey Rice,1234-2121-1221-1211,394,2013-9-12
14638,Winter Koelpin,1211-1221-1234-2201,470,2011-10-12
35669,Blair Keeling,1212-1221-1121-1234,345,2013-9-12
27372,Edmund Johnston,1228-1221-1221-1431,403,2012-11-12
87138,Margit Hahn,1234-2121-1221-1211,669,2012-11-12
20826,Chanel Jacobi,1228-1221-1221-1431,620,2013-9-12
70445,Mayola Murazik,1234-2121-1221-1211,632,2013-9-12
71641,Hershel Schuster,1212-1221-1121-1234,618,2013-9-12
88544,Ming Ondricka,1234-2121-1221-1211,538,2012-11-12
39229,Eleanora Bernier,1212-1221-1121-1234,618,2011-10-12
90510,Otis Gerlach,1212-1221-1121-1234,627,2013-9-12
13195,Julianne Wolf,1234-2121-1221-1211,791,2015-11-11
68442,Fredrick Trantow,1234-2121-1221-1211,176,2015-11-11
44167,Tanesha Dibbert,1211-1221-1234-2201,423,2013-9-12
73366,Stevie Lemke,1228-1221-1221-1431,319,2011-10-12
61946,Isiah Murray,1211-1221-1234-2201,925,2015-11-11
91007,Jolie Hettinger,1234-2121-1221-1211,189,2011-10-12
91575,Doria Jones,1212-1221-1121-1234,544,2015-11-11
22902,Trenton Hauck,1234-2121-1221-1211,777,2013-9-12
44907,Wilson Green,1234-2121-1221-1211,750,2015-11-11
59045,Fritz Rempel,1211-1221-1234-2201,596,2015-11-11
24505,Jacquiline Tremblay,1211-1221-1234-2201,442,2012-11-12
13852,Elene Schulist,1234-2121-1221-1211,289,2013-9-12
52031,Jenise Purdy,1228-1221-1221-1431,890,2015-11-11
32961,Neal Conn,1228-1221-1221-1431,766,2012-11-12
54579,Trevor Connelly,1212-1221-1121-1234,963,2012-11-12
66541,Donald Runolfsson,1211-1221-1234-2201,136,2013-9-12
97419,Jerrod Yost,1212-1221-1121-1234,863,2011-10-12
78345,Leoma Treutel,1212-1221-1121-1234,660,2015-11-11
90797,Rhea Ullrich,1211-1221-1234-2201,182,2012-11-12
47877,Vicente Mann,1212-1221-1121-1234,487,2015-11-11
66853,Frederic Runolfsson,1212-1221-1121-1234,825,2011-10-12
88103,Harland Schulist,1234-2121-1221-1211,607,2012-11-12
18961,Myung Schmitt,1211-1221-1234-2201,243,2011-10-12
94529,Julissa Kilback,1212-1221-1121-1234,284,2011-10-12
12893,Shayne Jacobs,1212-1221-1121-1234,657,2011-10-12
72220,Evan Rempel,1228-1221-1221-1431,660,2015-11-11
58461,Shizue Walter,1211-1221-1234-2201,617,2011-10-12
86994,Jeffrey Ebert,1234-2121-1221-1211,829,2012-11-12
72088,Seymour Conroy,1234-2121-1221-1211,288,2012-11-12
10236,Tory Nienow,1228-1221-1221-1431,911,2015-11-11
52199,Cory Sanford,1211-1221-1234-2201,439,2013-9-12
64800,Maricruz Hoppe,1211-1221-1234-2201,779,2012-11-12
88916,Darlene Kilback,1211-1221-1234-2201,202,2013-9-12
18705,Odell Bailey,1211-1221-1234-2201,416,2013-9-12
34462,Mason Effertz,1212-1221-1121-1234,798,2012-11-12
41504,Shery Bogisich,1234-2121-1221-1211,532,2013-9-12
15862,Max West,1211-1221-1234-2201,862,2012-11-12
47886,Teresia Kautzer,1228-1221-1221-1431,666,2011-10-12
87793,Samara Jaskolski,1211-1221-1234-2201,313,2013-9-12
27133,Hans Flatley,1228-1221-1221-1431,549,2012-11-12
62397,Jarred Pfeffer,1234-2121-1221-1211,803,2012-11-12
53011,Tanner Hodkiewicz,1212-1221-1121-1234,112,2011-10-12
92490,Moshe Schmeler,1211-1221-1234-2201,144,2015-11-11
61235,Emilio Cormier,1211-1221-1234-2201,558,2015-11-11
16979,Luetta Mueller,1234-2121-1221-1211,652,2012-11-12
12361,Roy Bednar,1228-1221-1221-1431,210,2011-10-12
38796,Kenia O'Keefe,1234-2121-1221-1211,271,2012-11-12
57909,Ozzie Lang,1211-1221-1234-2201,956,2015-11-11
25788,Elliott Corkery,1234-2121-1221-1211,876,2012-11-12
29918,Luis Purdy,1228-1221-1221-1431,846,2015-11-11
51911,Evan Schaden,1234-2121-1221-1211,647,2013-9-12
51272,Jayson Ondricka,1211-1221-1234-2201,474,2011-10-12
35270,Jarred Wyman,1228-1221-1221-1431,518,2015-11-11
80613,Javier Strosin,1228-1221-1221-1431,258,2013-9-12
19372,Clarissa Gutkowski,1211-1221-1234-2201,592,2015-11-11
61455,Tarra Krajcik,1234-2121-1221-1211,167,2012-11-12
67718,Sharolyn Lesch,1211-1221-1234-2201,369,2013-9-12
46966,Jacques West,1211-1221-1234-2201,602,2013-9-12
85425,Tomika Boyle,1211-1221-1234-2201,866,2012-11-12
48282,Santiago Rutherford,1212-1221-1121-1234,718,2015-11-11
88159,Richelle Ruecker,1212-1221-1121-1234,758,2015-11-11
84535,Gloria Tromp,1228-1221-1221-1431,861,2013-9-12
30512,Lucrecia Fritsch,1211-1221-1234-2201,463,2015-11-11
15314,Errol Ernser,1211-1221-1234-2201,939,2015-11-11
27298,Philomena Pfeffer,1212-1221-1121-1234,431,2011-10-12
48424,Sharyn Christiansen,1234-2121-1221-1211,739,2011-10-12
70959,Maurita Turcotte,1234-2121-1221-1211,895,2011-10-12
42460,Queenie Botsford,1212-1221-1121-1234,609,2012-11-12
78582,Georgie McDermott,1228-1221-1221-1431,439,2011-10-12
93225,Majorie Weimann,1228-1221-1221-1431,192,2013-9-12
99412,Josefina Franecki,1234-2121-1221-1211,162,2013-9-12
89076,Tegan Durgan,1234-2121-1221-1211,949,2011-10-12
70745,Fred Hartmann,1228-1221-1221-1431,324,2011-10-12
18334,Eleni Zulauf,1211-1221-1234-2201,591,2013-9-12
53185,Erich Beatty,1234-2121-1221-1211,129,2012-11-12
54162,Katrice Bode,1212-1221-1121-1234,421,2011-10-12
59607,Davis Gorczany,1212-1221-1121-1234,286,2012-11-12
86870,Mariel Gutmann,1211-1221-1234-2201,711,2013-9-12
64612,Thao Metz,1212-1221-1121-1234,379,2012-11-12
92126,Glenna Johns,1228-1221-1221-1431,208,2011-10-12
28954,Lynette Schinner,1212-1221-1121-1234,722,2011-10-12
44599,Sondra Roberts,1228-1221-1221-1431,545,2013-9-12
94235,Danial Ratke,1234-2121-1221-1211,521,2012-11-12
36644,Earnest Marquardt,1234-2121-1221-1211,663,2015-11-11
83857,Stacey McClure,1211-1221-1234-2201,593,2011-10-12
56365,Willian Reynolds,1211-1221-1234-2201,363,2012-11-12
55599,Jacob Monahan,1234-2121-1221-1211,794,2015-11-11
56500,Leon Gleichner,1212-1221-1121-1234,429,2013-9-12
74747,Barrett Rutherford,1234-2121-1221-1211,290,2015-11-11
62786,Caron Kub,1234-2121-1221-1211,332,2012-11-12
47448,Galen Cremin,1212-1221-1121-1234,643,2015-11-11
35173,Kirsten Larkin,1212-1221-1121-1234,115,2013-9-12
91729,Val Padberg,1228-1221-1221-1431,809,2015-11-11
47229,Shad Homenick,1211-1221-1234-2201,196,2012-11-12
51599,Steffanie Simonis,1234-2121-1221-1211,254,2013-9-12
72125,Vilma Frami,1228-1221-1221-1431,714,2012-11-12
65335,Claude Bechtelar,1212-1221-1121-1234,310,2011-10-12
62527,Jenette D'Amore,1234-2121-1221-1211,206,2013-9-12
31492,Charlena Kertzmann,1228-1221-1221-1431,123,2013-9-12
60491,Valrie Romaguera,1228-1221-1221-1431,770,2015-11-11
40602,Guy Cremin,1211-1221-1234-2201,909,2011-10-12
50157,Trevor Hahn,1212-1221-1121-1234,107,2012-11-12
19803,Jeanmarie Rolfson,1211-1221-1234-2201,873,2012-11-12
78165,Irena Barton,1212-1221-1121-1234,453,2013-9-12
64322,Louie Robel,1228-1221-1221-1431,403,2013-9-12
33584,Charlotte Stokes,1234-2121-1221-1211,948,2013-9-12
49156,Alica Grady,1211-1221-1234-2201,394,2015-11-11
91365,Gilbert Wintheiser,1212-1221-1121-1234,689,2012-11-12
84253,Sidney Hayes,1212-1221-1121-1234,917,2011-10-12
17366,Idalia Johnson,1228-1221-1221-1431,874,2011-10-12
20071,Han Little,1228-1221-1221-1431,580,2012-11-12
87070,Sherwood Olson,1212-1221-1121-1234,165,2013-9-12
85886,Romana Cummings,1234-2121-1221-1211,593,2011-10-12
69150,Devon Durgan,1228-1221-1221-1431,538,2011-10-12
62758,Jann Reinger,1228-1221-1221-1431,860,2011-10-12
42736,Bruno Denesik,1228-1221-1221-1431,881,2012-11-12
37904,Laine Kulas,1211-1221-1234-2201,480,2012-11-12
76624,Kenneth Schaefer,1212-1221-1121-1234,397,2015-11-11
90390,Lina Crona,1228-1221-1221-1431,485,2012-11-12
63409,Catherina Stiedemann,1234-2121-1221-1211,202,2015-11-11
66669,Domingo Mayer,1234-2121-1221-1211,888,2012-11-12
70444,Orval Gibson,1234-2121-1221-1211,474,2015-11-11
70696,Elina Waelchi,1212-1221-1121-1234,144,2011-10-12
28794,Susana Gaylord,1211-1221-1234-2201,581,2013-9-12
18621,Alonso Gutmann,1234-2121-1221-1211,421,2015-11-11
74197,Dona Morar,1234-2121-1221-1211,247,2012-11-12
81097,Hoyt Schaefer,1228-1221-1221-1431,100,2013-9-12
30873,Yang Brakus,1211-1221-1234-2201,342,2012-11-12
17874,Janae Prosacco,1212-1221-1121-1234,770,2011-10-12
21904,Mathew Beahan,1211-1221-1234-2201,335,2011-10-12
63956,Darius Harris,1211-1221-1234-2201,726,2015-11-11
36610,Rita Blick,1228-1221-1221-1431,190,2015-11-11
39427,Buck Abshire,1211-1221-1234-2201,643,2015-11-11
82576,Rocco Cormier,1228-1221-1221-1431,189,2011-10-12
17109,Branden Mills,1211-1221-1234-2201,719,2013-9-12
46445,Clay Donnelly,1228-1221-1221-1431,502,2012-11-12
22815,Jay Mills,1234-2121-1221-1211,841,2011-10-12
84721,Homer Huel,1211-1221-1234-2201,489,2012-11-12
65749,Sang Kiehn,1228-1221-1221-1431,487,2015-11-11
66610,Tamesha Stracke,1234-2121-1221-1211,458,2012-11-12
59192,Clay Bogisich,1234-2121-1221-1211,759,2013-9-12
41698,Christy Jacobi,1234-2121-1221-1211,454,2015-11-11
82901,September Quigley,1228-1221-1221-1431,303,2012-11-12
74094,Numbers Williamson,1211-1221-1234-2201,710,2013-9-12
73275,Joel Price,1228-1221-1221-1431,949,2011-10-12
14587,Laveta Kreiger,1211-1221-1234-2201,436,2012-11-12
85109,Jamel Berge,1212-1221-1121-1234,832,2013-9-12
27150,Harold Weimann,1228-1221-1221-1431,341,2012-11-12
33281,Dedra Kuhlman,1228-1221-1221-1431,969,2015-11-11
91824,Maryjo Von,1212-1221-1121-1234,127,2011-10-12
50041,Raleigh Auer,1228-1221-1221-1431,828,2015-11-11
54244,Meagan Wilderman,1228-1221-1221-1431,482,2011-10-12
42604,September Skiles,1211-1221-1234-2201,250,2012-11-12
83401,Zackary Macejkovic,1211-1221-1234-2201,341,2013-9-12
11157,Lynsey Shields,1211-1221-1234-2201,811,2012-11-12
57373,Giovanni Williamson,1234-2121-1221-1211,386,2011-10-12
97035,Thaddeus Bartell,1234-2121-1221-1211,120,2012-11-12
25980,Myung Huel,1234-2121-1221-1211,598,2013-9-12
64083,Logan Harvey,1212-1221-1121-1234,778,2012-11-12
11133,Sharyl Abernathy,1211-1221-1234-2201,462,2011-10-12
96878,Charlesetta Sanford,1211-1221-1234-2201,434,2012-11-12
43492,Edmund Johnston,1211-1221-1234-2201,331,2011-10-12
42477,Margit Hahn,1234-2121-1221-1211,531,2011-10-12
35938,Chanel Jacobi,1234-2121-1221-1211,493,2015-11-11
37916,Otis Gerlach,1211-1221-1234-2201,326,2013-9-12
83555,Eboni Howe,1212-1221-1121-1234,942,2011-10-12
60205,Laveta Cummings,1212-1221-1121-1234,938,2015-11-11
59124,Chung Bauch,1228-1221-1221-1431,327,2013-9-12
25428,Stevie Lemke,1234-2121-1221-1211,286,2011-10-12
32979,Asa Abbott,1211-1221-1234-2201,598,2012-11-12
90889,Isiah Murray,1228-1221-1221-1431,534,2013-9-12
81507,Doria Jones,1212-1221-1121-1234,247,2015-11-11
59349,Wilson Green,1211-1221-1234-2201,749,2013-9-12
86264,Jacquiline Tremblay,1228-1221-1221-1431,698,2015-11-11
12258,Elene Schulist,1212-1221-1121-1234,495,2012-11-12
56474,Jenise Purdy,1211-1221-1234-2201,421,2013-9-12
24368,Nigel Harvey,1228-1221-1221-1431,472,2013-9-12
94387,Les Gibson,1234-2121-1221-1211,787,2012-11-12
80872,Damion Gislason,1228-1221-1221-1431,641,2013-9-12
30188,Daphine Dickinson,1234-2121-1221-1211,565,2013-9-12
67781,Rhea Ullrich,1228-1221-1221-1431,379,2011-10-12
78864,Vicente Mann,1212-1221-1121-1234,931,2012-11-12
42009,Alaine Feest,1228-1221-1221-1431,897,2015-11-11
56951,Delbert Wintheiser,1211-1221-1234-2201,286,2012-11-12
96383,Dee Rohan,1234-2121-1221-1211,837,2012-11-12
74090,Rosena Nicolas,1234-2121-1221-1211,156,2012-11-12
10989,Shizue Walter,1234-2121-1221-1211,801,2011-10-12
52460,Jc Farrell,1212-1221-1121-1234,211,2012-11-12
67635,Dino Mosciski,1211-1221-1234-2201,241,2013-9-12
41441,Raphael Cremin,1212-1221-1121-1234,371,2013-9-12
85713,Odell Bailey,1228-1221-1221-1431,787,2013-9-12
33511,Kirk Fadel,1212-1221-1121-1234,130,2011-10-12
42527,Shery Bogisich,1228-1221-1221-1431,227,2013-9-12
54165,Claude Smith,1212-1221-1121-1234,856,2012-11-12
46327,Max West,1228-1221-1221-1431,178,2015-11-11
93627,Pearle Orn,1234-2121-1221-1211,514,2013-9-12
